,accuracy,recall,precision,fl-score,roc_auc
Logistic Regression,0.16091954022988506,0.20588235294117646,0.04487179487179487,0.0736842105263158,0.47258403361344536
Naive Bayes,0.25287356321839083,0.20915032679738563,0.09083333333333334,0.12018255578093306,0.47243230625583565
Support Vector Machine,0.20689655172413793,0.2647058823529412,0.11313291139240506,0.12333333333333334,0.5091386554621848
Random Forest,0.19540229885057472,0.25,0.04885057471264368,0.08173076923076923,0.5
